Model Name,Test Accuracy,Test ROC-AUC
Random Forest,0.94,0.9676878128923263
Decision Tree,0.935625,0.9109990855406934
XGBClassifier,0.934375,0.9764255490630667
Gradient Boosting,0.91625,0.9692106201274043
Support Vector Classifier,0.884375,0.9501464684821526
Logistic Regression,0.835625,0.87220043708055
K-Neighbors Classifier,0.7825,0.8605565802321797
